fuente,variable,label_dta,aparece_en_anios,descripcion_diccionario,descripcion_final
EAC,ADECUA,"Gasto en Mantenimiento, reparaciones",16,NA,"Gasto en Mantenimiento, reparaciones"
EAC,AGEHOM,Personal temporal cont a través de agencias - Hombres,16,NA,Personal temporal cont a través de agencias - Hombres
EAC,AGEMUJ,Personal temporal cont a través de agencias - Mujeres,16,NA,Personal temporal cont a través de agencias - Mujeres
EAC,AGENCIA,Personal temporal cont a través de agencias - Total,16,NA,Personal temporal cont a través de agencias - Total
EAC,AGREGA,Valor Agregado,16,NA,Valor Agregado
EAC,APRENDIZ,Aprendices-Total,16,NA,Aprendices-Total
EAC,APRENHOM,Aprendices-Hombres,16,NA,Aprendices-Hombres
EAC,APRENMUJ,Aprendices-Mujeres,16,NA,Aprendices-Mujeres
EAC,ARRIENDO,Gasto en Arrendamiento de bienes inmuebles y muebles,16,NA,Gasto en Arrendamiento de bienes inmuebles y muebles
EAC,ASEO,Gasto en Aseo y vigilancia,16,NA,Gasto en Aseo y vigilancia
EAC,BRUTA,Producción Bruta,16,NA,Producción Bruta
EAC,CIMREP,"Costo de insumos en los servicios de instalacion, reparación y mantenimiento res",9,NA,"Costo de insumos en los servicios de instalacion, reparación y mantenimiento res"
EAC,COMISION,Gastos de ventas por comisión a terceros,16,NA,Gastos de ventas por comisión a terceros
EAC,COMUNICA,Gasto en Comunicaciones,16,NA,Gasto en Comunicaciones
EAC,CONSUI,Consumo Intermedio 1996 - 2006,16,NA,Consumo Intermedio 1996 - 2006
EAC,CORRELA,Correlativa,8,NA,Correlativa
EAC,CORRELA_16,Correlativa a nivel de 16 dominios de estudio según la CIIU Rev 4. A.C. Se agreg,8,NA,Correlativa a nivel de 16 dominios de estudio según la CIIU Rev 4. A.C. Se agreg
EAC,CORRELA_9,Correlativa a nivel de 9 dominios de estudio según la CIIU Rev 4. A.C. Se agrega,1,NA,Correlativa a nivel de 9 dominios de estudio según la CIIU Rev 4. A.C. Se agrega
EAC,CORRE_9,Correlativa a nivel de 9 dominios de estudio según la CIIU Rev 4. A.C. Se agrega,7,NA,Correlativa a nivel de 9 dominios de estudio según la CIIU Rev 4. A.C. Se agrega
EAC,COTIZA,Cotizaciones patronales obligatorias causadas en el año,16,NA,Cotizaciones patronales obligatorias causadas en el año
EAC,CTO,costo de mercancia vendida,16,NA,costo de mercancia vendida
EAC,CTOINS,costo de insumos más costo de mercancia,12,NA,costo de insumos más costo de mercancia
EAC,DIRECTO,Personal temporal directo-Total,16,NA,Personal temporal directo-Total
EAC,DIRHOM,Personal temporal directo-Hombres,16,NA,Personal temporal directo-Hombres
EAC,DIRMUJ,Personal temporal directo-Mujeres,16,NA,Personal temporal directo-Mujeres
EAC,EMPAQUE,Gasto en Empaques y embalajes,16,NA,Gasto en Empaques y embalajes
EAC,ENERGIA,Gasto en Energía eléctrica comprada,16,NA,Gasto en Energía eléctrica comprada
EAC,FACEXP,Factor de expansión,4,NA,Factor de expansión
EAC,FLETES,"Gasto en Transporte, fletes y acarreos",16,NA,"Gasto en Transporte, fletes y acarreos"
EAC,GAS,Gasto en gas natural,11,NA,Gasto en gas natural
EAC,GASAGEN,Gastos causados por el personal temporal suministrado por agencias de empleo,16,NA,Gastos causados por el personal temporal suministrado por agencias de empleo
EAC,GASTOPNOP,Total Costos y gastos operacionales y no operacionales,16,NA,Total Costos y gastos operacionales y no operacionales
EAC,GASTOS,Total costos y gastos operacionales,16,NA,Total costos y gastos operacionales
EAC,GASTOSNOP,Subtotal Gastos no operacionales,16,NA,Subtotal Gastos no operacionales
EAC,HONORA,Gasto en Honorarios y servicios técnicos,16,NA,Gasto en Honorarios y servicios técnicos
EAC,IDAIO,Año de inicio operaciones,16,NA,Año de inicio operaciones
EAC,IDNOREMP,Consecutivo de identificación de la empresa,9,NA,Consecutivo de identificación de la empresa
EAC,IDNOREMP_PUB,IDNOREMP_PUB,1,NA,IDNOREMP_PUB
EAC,IDNOREMP_PUBL,IDNOREMP_PUBL,1,NA,IDNOREMP_PUBL
EAC,IDOJ,Organización juridica,2,NA,Organización juridica
EAC,IDOJ1,IDOJ1,14,NA,IDOJ1
EAC,INVFIN,Vlr. Existencias a dic 31/2006,16,NA,Vlr. Existencias a dic 31/2006
EAC,INVINI,Vlr. Existencias a dic 31/2005,16,NA,Vlr. Existencias a dic 31/2005
EAC,INVPRO,Inventario Promedio,16,NA,Inventario Promedio
EAC,OTROS,Otros gastos inherentes a la actividad comercial,16,NA,Otros gastos inherentes a la actividad comercial
EAC,OUTSOURCING,Costos y gastos por servicios contratados con terceros (outsoursing),11,NA,Costos y gastos por servicios contratados con terceros (outsoursing)
EAC,PERHOM,Personal permanente-Hombres,16,NA,Personal permanente-Hombres
EAC,PERMUJ,Personal permanente-Mujeres,16,NA,Personal permanente-Mujeres
EAC,PERREMUN,Personal remunerado,16,NA,Personal remunerado
EAC,PERSONOM,Personal permanente-Total,16,NA,Personal permanente-Total
EAC,PREPLAN,Prestaciones Planta,16,NA,Prestaciones Planta
EAC,PRESTAC,Total Prestaciones sociales causadas en el año,16,NA,Total Prestaciones sociales causadas en el año
EAC,PRIORIDAD,Prioridad,4,NA,Prioridad
EAC,PROHOM,"Propietarios, socios y familiares-Hombres",16,NA,"Propietarios, socios y familiares-Hombres"
EAC,PROMUJ,"Propietarios, socios y familiares-Mujeres",16,NA,"Propietarios, socios y familiares-Mujeres"
EAC,PUBLICI,Gasto en Propaganda y publicidad,16,NA,Gasto en Propaganda y publicidad
EAC,PUBLICO,Gasto en Otros servicios públicos,16,NA,Gasto en Otros servicios públicos
EAC,REGALA,Regalías causadas,16,NA,Regalías causadas
EAC,REMPLAN,Remuneración Planta,16,NA,Remuneración Planta
EAC,REMTEMP,Remuneración temporal,16,NA,Remuneración temporal
EAC,ROTACION,Rotación de Inventarios,16,NA,Rotación de Inventarios
EAC,SEGURO,"Gasto en Seguros,excepto los de prestaciones",16,NA,"Gasto en Seguros,excepto los de prestaciones"
EAC,SOCIOS,"Propietarios, socios y familiares-Total sun remuneración",16,NA,"Propietarios, socios y familiares-Total sun remuneración"
EAC,SUELDOS,Total Sueldos y salarios causados en el año,16,NA,Total Sueldos y salarios causados en el año
EAC,SUEPLAN,Sueldos Planta,16,NA,Sueldos Planta
EAC,TOTHOM,Personal total-Hombres,16,NA,Personal total-Hombres
EAC,TOTMUJ,Personal total-Mujeres,16,NA,Personal total-Mujeres
EAC,TOTPERSO,Personal total,16,NA,Personal total
EAC,TOTREM,Total Remuneracion,16,NA,Total Remuneracion
EAC,V1,V1,5,NA,V1
EAC,VENTA,Ventas causadas en el año,16,NA,Ventas causadas en el año
EAC,VENTASNOP,Total de ingresos netos no operacionales,14,NA,Total de ingresos netos no operacionales
EAM,ACTIVFI,Activos Fijos,17,NA,Activos Fijos
EAM,BAGAAUTO,Autogeneración de Bagazo de caña,16,NA,Autogeneración de Bagazo de caña
EAM,BAGAC,Cantidad de Bagazo de caña,17,NA,Cantidad de Bagazo de caña
EAM,BAGACO,Cogeneración de Bagazo de caña,16,NA,Cogeneración de Bagazo de caña
EAM,BAGAV,Valor de Bagazo de caña,17,NA,Valor de Bagazo de caña
EAM,C2R5CERT,Ingresos por cert causados en el año.,17,NA,Ingresos por cert causados en el año.
EAM,C3R10C1,Costos y Gastos Causados pro el Personal Ocupado  - Producción  - Obreros,17,NA,Costos y Gastos Causados pro el Personal Ocupado  - Producción  - Obreros
EAM,C3R10C2,Costos y Gastos Causados pro el Personal Ocupado  - Administrativos,17,NA,Costos y Gastos Causados pro el Personal Ocupado  - Administrativos
EAM,C3R10C3,Total  Costos y Gastos Causados pro el Personal Ocupado,17,NA,Total  Costos y Gastos Causados pro el Personal Ocupado
EAM,C3R10PT,Costos y Gastos Causados pro el Personal Ocupado  - Producción  - Profesional Te,17,NA,Costos y Gastos Causados pro el Personal Ocupado  - Producción  - Profesional Te
EAM,C3R13C1,Muestras gratis - Producción,17,NA,Muestras gratis - Producción
EAM,C3R13C2,Muestras gratis - Administración y ventas,17,NA,Muestras gratis - Administración y ventas
EAM,C3R13C3,Total Muestras gratis,17,NA,Total Muestras gratis
EAM,C3R14C1,Costos y gastos de productos y servicios industriales elaborados por terceros -,17,NA,Costos y gastos de productos y servicios industriales elaborados por terceros -
EAM,C3R14C3,Total Costos y gastos de productos y servicios industriales elaborados por terce,17,NA,Total Costos y gastos de productos y servicios industriales elaborados por terce
EAM,C3R15C1,Honorarios y servicios técnicos - producción,17,NA,Honorarios y servicios técnicos - producción
EAM,C3R15C2,Honorarios y servicios técnicos - Administración y ventas,17,NA,Honorarios y servicios técnicos - Administración y ventas
EAM,C3R15C3,Total Honorarios y servicios técnicos,17,NA,Total Honorarios y servicios técnicos
EAM,C3R16C1,Arrendamiento de bienes inmuebles - Producción,17,NA,Arrendamiento de bienes inmuebles - Producción
EAM,C3R16C2,Arrendamiento de bienes inmuebles - Administración y ventas,17,NA,Arrendamiento de bienes inmuebles - Administración y ventas
EAM,C3R16C3,Total  Arrendamiento de bienes inmuebles,17,NA,Total  Arrendamiento de bienes inmuebles
EAM,C3R17C1,Arrendamiento sin opción  de compra de maquinaria y equipo - producción,17,NA,Arrendamiento sin opción  de compra de maquinaria y equipo - producción
EAM,C3R17C2,Arrendamiento sin opción  de compra de maquinaria y equipo - Administración y ve,17,NA,Arrendamiento sin opción  de compra de maquinaria y equipo - Administración y ve
EAM,C3R17C3,Total Arrendamiento sin opción  de compra de maquinaria y equipo,17,NA,Total Arrendamiento sin opción  de compra de maquinaria y equipo
EAM,C3R18C1,Seguros - Producción,17,NA,Seguros - Producción
EAM,C3R18C2,Seguros - Administración y ventas,17,NA,Seguros - Administración y ventas
EAM,C3R18C3,Total Seguros,17,NA,Total Seguros
EAM,C3R19C3,Valor Energía comprada,17,NA,Valor Energía comprada
EAM,C3R1C1, Salario Integral para el personal permanente -  Producción - Obreros,12,NA, Salario Integral para el personal permanente -  Producción - Obreros
EAM,C3R1C2, Salario Integral para el personal permanente -  Administrativos,12,NA, Salario Integral para el personal permanente -  Administrativos
EAM,C3R1C3,Total Salario Integral para el personal permanente,12,NA,Total Salario Integral para el personal permanente
EAM,C3R1PT, Salario Integral para el personal permanente -  Producción - Profesional Tecnól,12,NA, Salario Integral para el personal permanente -  Producción - Profesional Tecnól
EAM,C3R20C1,Impuesto de Renta para la Equidad - Producción,12,NA,Impuesto de Renta para la Equidad - Producción
EAM,C3R20C2,Impuesto de Renta para la Equidad - Administración y ventas,12,NA,Impuesto de Renta para la Equidad - Administración y ventas
EAM,C3R20C3,Total Impuesto de Renta para la Equidad,12,NA,Total Impuesto de Renta para la Equidad
EAM,C3R21C1,Servicio de agua  - Producción,17,NA,Servicio de agua  - Producción
EAM,C3R21C2,Servicio de agua - Administración y ventas,17,NA,Servicio de agua - Administración y ventas
EAM,C3R21C3,Total Servicio de agua,17,NA,Total Servicio de agua
EAM,C3R22C1,Propaganda y publicidad - producción,17,NA,Propaganda y publicidad - producción
EAM,C3R22C2,Propaganda y publicidad - Administración y ventas,17,NA,Propaganda y publicidad - Administración y ventas
EAM,C3R22C3,Total Propaganda y publicidad,17,NA,Total Propaganda y publicidad
EAM,C3R23C1,"Mantenimiento, reparaciones, accesorios y repuestos consumidos - Producción",17,NA,"Mantenimiento, reparaciones, accesorios y repuestos consumidos - Producción"
EAM,C3R23C2,"Mantenimiento, reparaciones, accesorios y repuestos consumidos - Administración",17,NA,"Mantenimiento, reparaciones, accesorios y repuestos consumidos - Administración"
EAM,C3R23C3,"Total Mantenimiento, reparaciones, accesorios y repuestos consumidos",17,NA,"Total Mantenimiento, reparaciones, accesorios y repuestos consumidos"
EAM,C3R24C1,"Utilización de : derechos de autor, franquicias, marcas, patentes, etc. - produc",17,NA,"Utilización de : derechos de autor, franquicias, marcas, patentes, etc. - produc"
EAM,C3R24C2,"Utilización de : derechos de autor, franquicias, marcas, patentes,etc. - Adminis",17,NA,"Utilización de : derechos de autor, franquicias, marcas, patentes,etc. - Adminis"
EAM,C3R24C3,"Total Utilización de : derechos de autor, franquicias, marcas, patentes,etc.",17,NA,"Total Utilización de : derechos de autor, franquicias, marcas, patentes,etc."
EAM,C3R25C2,Impuesto del 4 x 1 000,17,NA,Impuesto del 4 x 1 000
EAM,C3R25C3,Total Impuesto del 4 x 1 000,17,NA,Total Impuesto del 4 x 1 000
EAM,C3R26C2,"Gastos para provisión de cartera, inventarios y otros - Administración y ventas",17,NA,"Gastos para provisión de cartera, inventarios y otros - Administración y ventas"
EAM,C3R26C3,"Total Gastos para provisión de cartera, inventarios y otros",17,NA,"Total Gastos para provisión de cartera, inventarios y otros"
EAM,C3R27C1,Otros costos y gastos no incluidos antes - Producción,17,NA,Otros costos y gastos no incluidos antes - Producción
EAM,C3R27C2,Otros costos y gastos no incluidos antes -  Administración y ventas,17,NA,Otros costos y gastos no incluidos antes -  Administración y ventas
EAM,C3R27C3,Total Otros costos y gastos no incluidos antes,17,NA,Total Otros costos y gastos no incluidos antes
EAM,C3R2C1,Sueldos y salarios del personal permanente -  Producción - Obreros,17,NA,Sueldos y salarios del personal permanente -  Producción - Obreros
EAM,C3R2C2,Sueldos y salarios del personal permanente -  Administrativos,17,NA,Sueldos y salarios del personal permanente -  Administrativos
EAM,C3R2C3,Total Sueldos y salarios del personal permanente,17,NA,Total Sueldos y salarios del personal permanente
EAM,C3R2PT,Sueldos y salarios del personal permanente -  Producción - Profesional Tecnólogo,17,NA,Sueldos y salarios del personal permanente -  Producción - Profesional Tecnólogo
EAM,C3R31C2,Intereses causados sobre préstamos - Administración y ventas,17,NA,Intereses causados sobre préstamos - Administración y ventas
EAM,C3R31C3,Total Intereses causados sobre préstamos,17,NA,Total Intereses causados sobre préstamos
EAM,C3R35C1,Total Costos y gastos de producción,17,NA,Total Costos y gastos de producción
EAM,C3R35C2,Total Gastos de administración y ventas,17,NA,Total Gastos de administración y ventas
EAM,C3R35C3,Total costos de producción administración y ventas,17,NA,Total costos de producción administración y ventas
EAM,C3R36C1,Servicios de comunicaciones -Producción,17,NA,Servicios de comunicaciones -Producción
EAM,C3R36C2,Servicios de comunicaciones - Administración y ventas,17,NA,Servicios de comunicaciones - Administración y ventas
EAM,C3R36C3,Total Servicios de comunicaciones,17,NA,Total Servicios de comunicaciones
EAM,C3R37C1,Impuestos de industria y comercio - producción,17,NA,Impuestos de industria y comercio - producción
EAM,C3R37C2,Impuestos de industria y comercio - Administración y ventas,17,NA,Impuestos de industria y comercio - Administración y ventas
EAM,C3R37C3,Total Impuestos de industria y comercio,17,NA,Total Impuestos de industria y comercio
EAM,C3R38C2,Impuesto predial y sobre vehículos - Administración y ventas,17,NA,Impuesto predial y sobre vehículos - Administración y ventas
EAM,C3R38C3,Total Impuesto predial y sobre vehículos,17,NA,Total Impuesto predial y sobre vehículos
EAM,C3R3C1,Prestaciones sociales del personal permanente - Producción  - Obreros,17,NA,Prestaciones sociales del personal permanente - Producción  - Obreros
EAM,C3R3C2,Prestaciones sociales del personal permanente - Administrativos,17,NA,Prestaciones sociales del personal permanente - Administrativos
EAM,C3R3C3,Total  Prestaciones sociales del personal permanente,17,NA,Total  Prestaciones sociales del personal permanente
EAM,C3R3PT,Prestaciones sociales del personal permanente - Producción  - Profesional Tecnól,17,NA,Prestaciones sociales del personal permanente - Producción  - Profesional Tecnól
EAM,C3R40C2,"Costo de venta de materias primas, materiales y empaques vendidos sin transforma",17,NA,"Costo de venta de materias primas, materiales y empaques vendidos sin transforma"
EAM,C3R40C3,"Total Costo de venta de materias primas, materiales y empaques vendidos sin tran",17,NA,"Total Costo de venta de materias primas, materiales y empaques vendidos sin tran"
EAM,C3R41C1,Costos y gastos por servicios contratados con terceros (outsoursing)- Producción,17,NA,Costos y gastos por servicios contratados con terceros (outsoursing)- Producción
EAM,C3R41C2,Costos y gastos por servicios contratados con terceros (outsoursing)-  Administr,17,NA,Costos y gastos por servicios contratados con terceros (outsoursing)-  Administr
EAM,C3R41C3,Total Costos y gastos por servicios contratados con terceros (outsoursing),17,NA,Total Costos y gastos por servicios contratados con terceros (outsoursing)
EAM,C3R42C1,Costos y gastos de transporte de materias primas - Producción,17,NA,Costos y gastos de transporte de materias primas - Producción
EAM,C3R42C2,Costos y gastos de transporte de materias primas - Administración y ventas,17,NA,Costos y gastos de transporte de materias primas - Administración y ventas
EAM,C3R42C3,Total Costos y gastos de transporte de materias primas,17,NA,Total Costos y gastos de transporte de materias primas
EAM,C3R44C2,Costo de venta de productos no fabricados por el establecimiento - Administrativ,17,NA,Costo de venta de productos no fabricados por el establecimiento - Administrativ
EAM,C3R44C3,Total Costo de venta de productos no fabricados por el establecimiento,17,NA,Total Costo de venta de productos no fabricados por el establecimiento
EAM,C3R45C2,Costos y gastos de transporte de productos - Administración y ventas,17,NA,Costos y gastos de transporte de productos - Administración y ventas
EAM,C3R45C3,Total Costos y gastos de transporte de productos,17,NA,Total Costos y gastos de transporte de productos
EAM,C3R46C2,Gastos financieros - Administración y ventas,17,NA,Gastos financieros - Administración y ventas
EAM,C3R46C3,Total Gastos financieros,17,NA,Total Gastos financieros
EAM,C3R4C1,"Sueldos, salarios y prestaciones sociales del personal contratado directamente",17,NA,"Sueldos, salarios y prestaciones sociales del personal contratado directamente"
EAM,C3R4C2,"Sueldos, salarios y prestaciones sociales del personal contratado directamente",17,NA,"Sueldos, salarios y prestaciones sociales del personal contratado directamente"
EAM,C3R4C3,"Total  Sueldos, salarios y prestaciones sociales del personal contratado directa",17,NA,"Total  Sueldos, salarios y prestaciones sociales del personal contratado directa"
EAM,C3R4PT,"Sueldos, salarios y prestaciones sociales del personal contratado directamente",17,NA,"Sueldos, salarios y prestaciones sociales del personal contratado directamente"
EAM,C3R5C1,"Cotizaciones patronales obligatorias, salud, ARP y pensión del personal ocupado",17,NA,"Cotizaciones patronales obligatorias, salud, ARP y pensión del personal ocupado"
EAM,C3R5C2,"Cotizaciones patronales obligatorias, salud, ARP y pensión del personal ocupado",17,NA,"Cotizaciones patronales obligatorias, salud, ARP y pensión del personal ocupado"
EAM,C3R5C3,"Total  Cotizaciones patronales obligatorias, salud, ARP y pensión del personal o",17,NA,"Total  Cotizaciones patronales obligatorias, salud, ARP y pensión del personal o"
EAM,C3R5PT,"Cotizaciones patronales obligatorias, salud, ARP y pensión del personal ocupado",17,NA,"Cotizaciones patronales obligatorias, salud, ARP y pensión del personal ocupado"
EAM,C3R6C1,"Aportes sobre nómina (SENA, cajas de compensación familiar, ICBF)  - Producción",17,NA,"Aportes sobre nómina (SENA, cajas de compensación familiar, ICBF)  - Producción"
EAM,C3R6C2,"Aportes sobre nómina (SENA, cajas de compensación familiar, ICBF)  - Administrat",17,NA,"Aportes sobre nómina (SENA, cajas de compensación familiar, ICBF)  - Administrat"
EAM,C3R6C3,"Total  Aportes sobre nómina (SENA, cajas de compensación familiar, ICBF)",17,NA,"Total  Aportes sobre nómina (SENA, cajas de compensación familiar, ICBF)"
EAM,C3R6PT,"Aportes sobre nómina (SENA, cajas de compensación familiar, ICBF)  - Producción",17,NA,"Aportes sobre nómina (SENA, cajas de compensación familiar, ICBF)  - Producción"
EAM,C3R7C1,Aportes voluntarios a compañías de seguros de vida que ampara al personal ocupad,17,NA,Aportes voluntarios a compañías de seguros de vida que ampara al personal ocupad
EAM,C3R7C2,Aportes voluntarios a compañías de seguros de vida que ampara al personal ocupad,17,NA,Aportes voluntarios a compañías de seguros de vida que ampara al personal ocupad
EAM,C3R7C3,Total  Aportes voluntarios a compañías de seguros de vida que ampara al personal,17,NA,Total  Aportes voluntarios a compañías de seguros de vida que ampara al personal
EAM,C3R7PT,Aportes voluntarios a compañías de seguros de vida que ampara al personal ocupad,17,NA,Aportes voluntarios a compañías de seguros de vida que ampara al personal ocupad
EAM,C3R8C1,Valor causado por las empresas que suministran personal temporal al establecimie,17,NA,Valor causado por las empresas que suministran personal temporal al establecimie
EAM,C3R8C2,Valor causado por las empresas que suministran personal temporal al establecimie,17,NA,Valor causado por las empresas que suministran personal temporal al establecimie
EAM,C3R8C3,Total  Valor causado por las empresas que suministran personal temporal al estab,17,NA,Total  Valor causado por las empresas que suministran personal temporal al estab
EAM,C3R8PT,Valor causado por las empresas que suministran personal temporal al establecimie,17,NA,Valor causado por las empresas que suministran personal temporal al establecimie
EAM,C3R9C1,Otros gastos del personal no incluidos antes  - Producción  - Obreros,17,NA,Otros gastos del personal no incluidos antes  - Producción  - Obreros
EAM,C3R9C2,Otros gastos del personal no incluidos antes  - Administrativos,17,NA,Otros gastos del personal no incluidos antes  - Administrativos
EAM,C3R9C3,Total  Otros gastos del personal no incluidos antes,17,NA,Total  Otros gastos del personal no incluidos antes
EAM,C3R9PT,Otros gastos del personal no incluidos antes  - Producción  - Profesional Tecnól,17,NA,Otros gastos del personal no incluidos antes  - Producción  - Profesional Tecnól
EAM,C4R1C1," Propietarios, socios y familiares (sin remuneración fija) Mujer - Producción -",17,NA," Propietarios, socios y familiares (sin remuneración fija) Mujer - Producción -"
EAM,C4R1C10N,Total Personal Ocupado  - Hombre -  Producción - Producción - Profesional Tecnól,17,NA,Total Personal Ocupado  - Hombre -  Producción - Producción - Profesional Tecnól
EAM,C4R1C1N," Propietarios, socios y familiares (sin remuneración fija) Mujer - Producción -",17,NA," Propietarios, socios y familiares (sin remuneración fija) Mujer - Producción -"
EAM,C4R1C2," Propietarios, socios y familiares (sin remuneración fija) Hombre - Producción -",17,NA," Propietarios, socios y familiares (sin remuneración fija) Hombre - Producción -"
EAM,C4R1C2N," Propietarios, socios y familiares (sin remuneración fija) Hombre - Producción -",17,NA," Propietarios, socios y familiares (sin remuneración fija) Hombre - Producción -"
EAM,C4R1C3," Propietarios, socios y familiares (sin remuneración fija) Mujer - Administrativ",17,NA," Propietarios, socios y familiares (sin remuneración fija) Mujer - Administrativ"
EAM,C4R1C3N,Personal permanente (contrato a término indefinido) Mujer - Producción - Profesi,17,NA,Personal permanente (contrato a término indefinido) Mujer - Producción - Profesi
EAM,C4R1C4," Propietarios, socios y familiares (sin remuneración fija) Hombre - Administrati",17,NA," Propietarios, socios y familiares (sin remuneración fija) Hombre - Administrati"
EAM,C4R1C4N,Personal permanente (contrato a término indefinido) Hombre - Producción - Profes,17,NA,Personal permanente (contrato a término indefinido) Hombre - Producción - Profes
EAM,C4R1C5N, Temporal contratado directamente por el establecimiento - Mujer  - Producción-,17,NA, Temporal contratado directamente por el establecimiento - Mujer  - Producción-
EAM,C4R1C6N, Temporal contratado directamente por el establecimiento - Hombre  - Producción-,17,NA, Temporal contratado directamente por el establecimiento - Hombre  - Producción-
EAM,C4R1C7N, Temporal contratado  a través de empresas especializadas - Mujer  - Producción-,17,NA, Temporal contratado  a través de empresas especializadas - Mujer  - Producción-
EAM,C4R1C8N, Temporal contratado  a través de empresas especializadas - Hombre  - Producción,17,NA, Temporal contratado  a través de empresas especializadas - Hombre  - Producción
EAM,C4R1C9N,Total Personal Ocupado  - Mujer -  Producción - Producción - Profesional Tecnólo,17,NA,Total Personal Ocupado  - Mujer -  Producción - Producción - Profesional Tecnólo
EAM,C4R2C1,Personal permanente (contrato a término indefinido) Mujer - Producción - Obrero,17,NA,Personal permanente (contrato a término indefinido) Mujer - Producción - Obrero
EAM,C4R2C10E,Total Personal Ocupado  - Hombre -  Producción - Producción - Profesional Tecnól,17,NA,Total Personal Ocupado  - Hombre -  Producción - Producción - Profesional Tecnól
EAM,C4R2C1E," Propietarios, socios y familiares (sin remuneración fija) Mujer - Producción -",17,NA," Propietarios, socios y familiares (sin remuneración fija) Mujer - Producción -"
EAM,C4R2C2,Personal permanente (contrato a término indefinido) Hombre - Producción - Obrero,17,NA,Personal permanente (contrato a término indefinido) Hombre - Producción - Obrero
EAM,C4R2C2E," Propietarios, socios y familiares (sin remuneración fija) Hombre - Producción -",17,NA," Propietarios, socios y familiares (sin remuneración fija) Hombre - Producción -"
EAM,C4R2C3,Personal permanente (contrato a término indefinido) Mujer - Producción - Adminis,17,NA,Personal permanente (contrato a término indefinido) Mujer - Producción - Adminis
EAM,C4R2C3E,Personal permanente (contrato a término indefinido) Mujer - Producción - Profesi,17,NA,Personal permanente (contrato a término indefinido) Mujer - Producción - Profesi
EAM,C4R2C4,Personal permanente (contrato a término indefinido) Hombre - Producción - Admini,17,NA,Personal permanente (contrato a término indefinido) Hombre - Producción - Admini
EAM,C4R2C4E,Personal permanente (contrato a término indefinido) Hombre - Producción - Profes,17,NA,Personal permanente (contrato a término indefinido) Hombre - Producción - Profes
EAM,C4R2C5E, Temporal contratado directamente por el establecimiento - Mujer  - Producción-,17,NA, Temporal contratado directamente por el establecimiento - Mujer  - Producción-
EAM,C4R2C6E, Temporal contratado directamente por el establecimiento - Hombre  - Producción-,17,NA, Temporal contratado directamente por el establecimiento - Hombre  - Producción-
EAM,C4R2C7E, Temporal contratado  a través de empresas especializadas - Mujer  - Producción-,17,NA, Temporal contratado  a través de empresas especializadas - Mujer  - Producción-
EAM,C4R2C8E, Temporal contratado  a través de empresas especializadas - Hombre  - Producción,17,NA, Temporal contratado  a través de empresas especializadas - Hombre  - Producción
EAM,C4R2C9E,Total Personal Ocupado  - Mujer -  Producción - Producción - Profesional Tecnólo,17,NA,Total Personal Ocupado  - Mujer -  Producción - Producción - Profesional Tecnólo
EAM,C4R3C1, Temporal contratado directamente por el establecimiento - Mujer  - Producción-,17,NA, Temporal contratado directamente por el establecimiento - Mujer  - Producción-
EAM,C4R3C2, Temporal contratado directamente por el establecimiento - Hombre  - Producción-,17,NA, Temporal contratado directamente por el establecimiento - Hombre  - Producción-
EAM,C4R3C3, Temporal contratado directamente por el establecimiento - Mujer  - Administrati,17,NA, Temporal contratado directamente por el establecimiento - Mujer  - Administrati
EAM,C4R3C4, Temporal contratado directamente por el establecimiento - Hombre  - Administrat,17,NA, Temporal contratado directamente por el establecimiento - Hombre  - Administrat
EAM,C4R4C1, Temporal contratado  a través de empresas especializadas - Mujer  - Producción-,17,NA, Temporal contratado  a través de empresas especializadas - Mujer  - Producción-
EAM,C4R4C10T,Total Personal Ocupado Hombre,17,NA,Total Personal Ocupado Hombre
EAM,C4R4C1T," Propietarios, socios y familiares (sin remuneración fija) Total personal ocupad",17,NA," Propietarios, socios y familiares (sin remuneración fija) Total personal ocupad"
EAM,C4R4C2, Temporal contratado  a través de empresas especializadas - Hombre  - Producción,17,NA, Temporal contratado  a través de empresas especializadas - Hombre  - Producción
EAM,C4R4C2T," Propietarios, socios y familiares (sin remuneración fija) Total personal ocupad",17,NA," Propietarios, socios y familiares (sin remuneración fija) Total personal ocupad"
EAM,C4R4C3, Temporal contratado  a través de empresas especializadas - Mujer  - Administrat,17,NA, Temporal contratado  a través de empresas especializadas - Mujer  - Administrat
EAM,C4R4C3T,Personal permanente (contrato a término indefinido) - Mujer-  Total Personal ocu,17,NA,Personal permanente (contrato a término indefinido) - Mujer-  Total Personal ocu
EAM,C4R4C4, Temporal contratado  a través de empresas especializadas - Hombre  - Administra,17,NA, Temporal contratado  a través de empresas especializadas - Hombre  - Administra
EAM,C4R4C4T,Personal permanente (contrato a término indefinido) - hombre-  Total Personal oc,17,NA,Personal permanente (contrato a término indefinido) - hombre-  Total Personal oc
EAM,C4R4C5T, Temporal contratado directamente por el establecimiento - Mujer  -Total Persona,17,NA, Temporal contratado directamente por el establecimiento - Mujer  -Total Persona
EAM,C4R4C6T, Temporal contratado directamente por el establecimiento - Hombre  - Total Perso,17,NA, Temporal contratado directamente por el establecimiento - Hombre  - Total Perso
EAM,C4R4C7T, Temporal contratado  a través de empresas especializadas - Mujer  -Total Person,17,NA, Temporal contratado  a través de empresas especializadas - Mujer  -Total Person
EAM,C4R4C8T, Temporal contratado  a través de empresas especializadas - Hombre  - Total Pers,17,NA, Temporal contratado  a través de empresas especializadas - Hombre  - Total Pers
EAM,C4R4C9T,Total Personal Ocupado Mujer,17,NA,Total Personal Ocupado Mujer
EAM,C4R5C1,Total Personal Ocupado  - Mujer -  Producción - Obrero,17,NA,Total Personal Ocupado  - Mujer -  Producción - Obrero
EAM,C4R5C2,Total Personal Ocupado  - Hombre -  Producción - Obrero,17,NA,Total Personal Ocupado  - Hombre -  Producción - Obrero
EAM,C4R5C3,Total Personal Ocupado  - Mujer -  Producción - Administrativo,17,NA,Total Personal Ocupado  - Mujer -  Producción - Administrativo
EAM,C4R5C4,Total Personal Ocupado  - Hombre -  Producción - Administrativo,17,NA,Total Personal Ocupado  - Hombre -  Producción - Administrativo
EAM,C4R6DH, Aprendices y pasantes (Ley 789 de 2002) - Hombre  - Administrativo,17,NA, Aprendices y pasantes (Ley 789 de 2002) - Hombre  - Administrativo
EAM,C4R6DM, Aprendices y pasantes (Ley 789 de 2002) - Mujer  - Administrativo,17,NA, Aprendices y pasantes (Ley 789 de 2002) - Mujer  - Administrativo
EAM,C4R6HE, Aprendices y pasantes (Ley 789 de 2002) - Hombre  - Producción- Profesional Tec,17,NA, Aprendices y pasantes (Ley 789 de 2002) - Hombre  - Producción- Profesional Tec
EAM,C4R6HN, Aprendices y pasantes (Ley 789 de 2002) - Hombre  - Producción- Profesional Tec,17,NA, Aprendices y pasantes (Ley 789 de 2002) - Hombre  - Producción- Profesional Tec
EAM,C4R6ME, Aprendices y pasantes (Ley 789 de 2002) - Mujer  - Producción- Profesional Tecn,17,NA, Aprendices y pasantes (Ley 789 de 2002) - Mujer  - Producción- Profesional Tecn
EAM,C4R6MN, Aprendices y pasantes (Ley 789 de 2002) - Mujer  - Producción- Profesional Tecn,17,NA, Aprendices y pasantes (Ley 789 de 2002) - Mujer  - Producción- Profesional Tecn
EAM,C4R6OH, Aprendices y pasantes (Ley 789 de 2002) - Hombre  - Producción- Obrero,17,NA, Aprendices y pasantes (Ley 789 de 2002) - Hombre  - Producción- Obrero
EAM,C4R6OM, Aprendices y pasantes (Ley 789 de 2002) - Mujer  - Producción- Obrero,17,NA, Aprendices y pasantes (Ley 789 de 2002) - Mujer  - Producción- Obrero
EAM,C4R6TH, Aprendices y pasantes (Ley 789 de 2002) - Hombre  - Total Personal Ocupado,17,NA, Aprendices y pasantes (Ley 789 de 2002) - Hombre  - Total Personal Ocupado
EAM,C4R6TM, Aprendices y pasantes (Ley 789 de 2002) - Mujer  -Total Personal Ocupado,17,NA, Aprendices y pasantes (Ley 789 de 2002) - Mujer  -Total Personal Ocupado
EAM,C5R1C1,Energía comprada (KWH),17,NA,Energía comprada (KWH)
EAM,C5R1C2,Energía autogenerada (Kwh),17,NA,Energía autogenerada (Kwh)
EAM,C5R1C3,Cantidad de energía Vendida (Kwh),17,NA,Cantidad de energía Vendida (Kwh)
EAM,C5R1C4,Total Energía consumida (KWH),17,NA,Total Energía consumida (KWH)
EAM,C5R1C5,Valor de la Energía vendida,17,NA,Valor de la Energía vendida
EAM,C5R1C7,Energía Cogenerada (Kwh),16,NA,Energía Cogenerada (Kwh)
EAM,C6R1C1,"Existencias Materias primas, materiales y empaques - al final del año anterior",17,NA,"Existencias Materias primas, materiales y empaques - al final del año anterior"
EAM,C6R1C3,"Existencias Materias primas, materiales y empaques - al final del año actual",17,NA,"Existencias Materias primas, materiales y empaques - al final del año actual"
EAM,C6R2C1,Existencias Productos en proceso - al final del año anterior,17,NA,Existencias Productos en proceso - al final del año anterior
EAM,C6R2C3,Existencias Productos en proceso - al final del año actual,17,NA,Existencias Productos en proceso - al final del año actual
EAM,C6R3C1,Existencias  Productos terminados  - al final del año anterior,17,NA,Existencias  Productos terminados  - al final del año anterior
EAM,C6R3C3,Existencias  Productos terminados  - al final del año actual,17,NA,Existencias  Productos terminados  - al final del año actual
EAM,C6R4C1,Existencias Productos no fabricados por el establecimiento  - al final del año a,17,NA,Existencias Productos no fabricados por el establecimiento  - al final del año a
EAM,C6R4C3,Existencias Productos no fabricados por el establecimiento  - al final del año a,17,NA,Existencias Productos no fabricados por el establecimiento  - al final del año a
EAM,C6R5C1,Total Inventarios al final del año anterior-,17,NA,Total Inventarios al final del año anterior-
EAM,C6R5C3,Total Inventarios al final del año actual,17,NA,Total Inventarios al final del año actual
EAM,C7C1R12,Valor en libros de los activos vendidos - Terrenos,17,NA,Valor en libros de los activos vendidos - Terrenos
EAM,C7C1R19,Leasing Financiero - Terrenos,13,NA,Leasing Financiero - Terrenos
EAM,C7C1R3,Valor compra de activos - usados - Terrenos,17,NA,Valor compra de activos - usados - Terrenos
EAM,C7C2R11,Retiros  causados - Edificios y estructuras,17,NA,Retiros  causados - Edificios y estructuras
EAM,C7C2R12,Valor en libros de los activos vendidos - Edificios y estructuras,17,NA,Valor en libros de los activos vendidos - Edificios y estructuras
EAM,C7C2R13,Depreciación acumulada de los activos vendidos - Edificios y estructuras,17,NA,Depreciación acumulada de los activos vendidos - Edificios y estructuras
EAM,C7C2R19,Leasing Financiero - Edificios y estructuras,13,NA,Leasing Financiero - Edificios y estructuras
EAM,C7C2R2,Valor compra de activos - nuevos - Edificios y estructuras,17,NA,Valor compra de activos - nuevos - Edificios y estructuras
EAM,C7C2R3,Valor compra de activos - usados - Edificios y estructuras,17,NA,Valor compra de activos - usados - Edificios y estructuras
EAM,C7C2R4,Costos y gastos de Producidos o construidos para uso propio - Edificios y estruc,17,NA,Costos y gastos de Producidos o construidos para uso propio - Edificios y estruc
EAM,C7C2R5, Valor causado en el año por la maquinaria en montaje - Maquinaria y equipo Indu,17,NA, Valor causado en el año por la maquinaria en montaje - Maquinaria y equipo Indu
EAM,C7C2R7, Valor causado por  mejoras y reformas a los activos  - Edificios y estructuras,17,NA, Valor causado por  mejoras y reformas a los activos  - Edificios y estructuras
EAM,C7C3R11,Retiros  causados - Maquinaria y equipo Industrial,17,NA,Retiros  causados - Maquinaria y equipo Industrial
EAM,C7C3R12,Valor en libros de los activos vendidos - Maquinaria y equipo Industrial,17,NA,Valor en libros de los activos vendidos - Maquinaria y equipo Industrial
EAM,C7C3R13,Depreciación acumulada de los activos vendidos - Maquinaria y equipo Industrial,17,NA,Depreciación acumulada de los activos vendidos - Maquinaria y equipo Industrial
EAM,C7C3R19,Leasing Financiero - Maquinaria y equipo Industrial,13,NA,Leasing Financiero - Maquinaria y equipo Industrial
EAM,C7C3R2,Valor compra de activos - nuevos - Maquinaria y equipo Industrial,17,NA,Valor compra de activos - nuevos - Maquinaria y equipo Industrial
EAM,C7C3R3,Valor compra de activos - usados - Maquinaria y equipo Industrial,17,NA,Valor compra de activos - usados - Maquinaria y equipo Industrial
EAM,C7C3R4,Costos y gastos de Producidos o construidos para uso propio - Maquinaria y equip,17,NA,Costos y gastos de Producidos o construidos para uso propio - Maquinaria y equip
EAM,C7C3R6,Valor causado en el año por la maquinaria en montaje - Maquinaria y equipo Indus,17,NA,Valor causado en el año por la maquinaria en montaje - Maquinaria y equipo Indus
EAM,C7C3R7, Valor causado por  mejoras y reformas a los activos  - Maquinaria y equipo Indu,17,NA, Valor causado por  mejoras y reformas a los activos  - Maquinaria y equipo Indu
EAM,C7C4R1,Valor en libros del año anterior -Equipo de informática y comunicación,17,NA,Valor en libros del año anterior -Equipo de informática y comunicación
EAM,C7C4R10,Valorización  causadas en el año -Equipo de informática y comunicación,17,NA,Valorización  causadas en el año -Equipo de informática y comunicación
EAM,C7C4R11,Retiros  causados -Equipo de informática y comunicación,17,NA,Retiros  causados -Equipo de informática y comunicación
EAM,C7C4R12,Valor en libros de los activos vendidos -Equipo de informática y comunicación,17,NA,Valor en libros de los activos vendidos -Equipo de informática y comunicación
EAM,C7C4R13,Depreciación acumulada de los activos vendidos -Equipo de informática y comunica,17,NA,Depreciación acumulada de los activos vendidos -Equipo de informática y comunica
EAM,C7C4R14,Valor en libros del año actual -Equipo de informática y comunicación,17,NA,Valor en libros del año actual -Equipo de informática y comunicación
EAM,C7C4R15,Depreciación causada en el año -Equipo de informática y comunicación,17,NA,Depreciación causada en el año -Equipo de informática y comunicación
EAM,C7C4R19,Leasing Financiero -Equipo de informática y comunicación,13,NA,Leasing Financiero -Equipo de informática y comunicación
EAM,C7C4R2,Valor compra de activos - nuevos - Equipo de informática y comunicación,17,NA,Valor compra de activos - nuevos - Equipo de informática y comunicación
EAM,C7C4R3,Valor compra de activos - usados - Equipo de informática y comunicación,17,NA,Valor compra de activos - usados - Equipo de informática y comunicación
EAM,C7C4R4,Costos y gastos de Producidos o construidos para uso propio - Equipo de informát,17,NA,Costos y gastos de Producidos o construidos para uso propio - Equipo de informát
EAM,C7C4R6,Valor causado en el año por la maquinaria en montaje - Equipo de informática y c,17,NA,Valor causado en el año por la maquinaria en montaje - Equipo de informática y c
EAM,C7C4R7, Valor causado por  mejoras y reformas a los activos  - Equipo de informática y,17,NA, Valor causado por  mejoras y reformas a los activos  - Equipo de informática y
EAM,C7C4R8,Total inversiones en activos fijos -Equipo de informática y comunicación,17,NA,Total inversiones en activos fijos -Equipo de informática y comunicación
EAM,C7C5R1,Valor en libros del año anterior -Equipos de oficina,17,NA,Valor en libros del año anterior -Equipos de oficina
EAM,C7C5R10,Valorización  causadas en el año -Equipos de oficina,17,NA,Valorización  causadas en el año -Equipos de oficina
EAM,C7C5R11,Retiros  causados -Equipos de oficina,17,NA,Retiros  causados -Equipos de oficina
EAM,C7C5R12,Valor en libros de los activos vendidos -Equipos de oficina,17,NA,Valor en libros de los activos vendidos -Equipos de oficina
EAM,C7C5R13,Depreciación acumulada de los activos vendidos -Equipos de oficina,17,NA,Depreciación acumulada de los activos vendidos -Equipos de oficina
EAM,C7C5R14,Valor en libros del año actual -Equipos de oficina,17,NA,Valor en libros del año actual -Equipos de oficina
EAM,C7C5R15,Depreciación causada en el año -Equipos de oficina,17,NA,Depreciación causada en el año -Equipos de oficina
EAM,C7C5R19,Leasing Financiero -Equipos de oficina,13,NA,Leasing Financiero -Equipos de oficina
EAM,C7C5R2,Valor compra de activos - nuevos - Equipos de oficina,17,NA,Valor compra de activos - nuevos - Equipos de oficina
EAM,C7C5R3,Valor compra de activos - usados - Equipos de oficina,17,NA,Valor compra de activos - usados - Equipos de oficina
EAM,C7C5R4,Costos y gastos de Producidos o construidos para uso propio - Equipos de oficina,17,NA,Costos y gastos de Producidos o construidos para uso propio - Equipos de oficina
EAM,C7C5R6,Valor causado en el año por la maquinaria en montaje -  Equipos de oficina,17,NA,Valor causado en el año por la maquinaria en montaje -  Equipos de oficina
EAM,C7C5R7, Valor causado por  mejoras y reformas a los activos  - Equipos de oficina,17,NA, Valor causado por  mejoras y reformas a los activos  - Equipos de oficina
EAM,C7C5R8,Total inversiones en activos fijos -Equipos de oficina,17,NA,Total inversiones en activos fijos -Equipos de oficina
EAM,C7C6R11,Retiros  causados -Equipo de transporte,17,NA,Retiros  causados -Equipo de transporte
EAM,C7C6R12,Valor en libros de los activos vendidos -Equipo de transporte,17,NA,Valor en libros de los activos vendidos -Equipo de transporte
EAM,C7C6R13,Depreciación acumulada de los activos vendidos -Equipo de transporte,17,NA,Depreciación acumulada de los activos vendidos -Equipo de transporte
EAM,C7C6R19,Leasing Financiero -Equipo de transporte,13,NA,Leasing Financiero -Equipo de transporte
EAM,C7C6R2,Valor compra de activos - nuevos - Equipo de transporte,17,NA,Valor compra de activos - nuevos - Equipo de transporte
EAM,C7C6R3,Valor compra de activos - usados - Equipo de transporte,17,NA,Valor compra de activos - usados - Equipo de transporte
EAM,C7C6R4,Costos y gastos de Producidos o construidos para uso propio -  Equipo de transpo,17,NA,Costos y gastos de Producidos o construidos para uso propio -  Equipo de transpo
EAM,C7C6R7, Valor causado por  mejoras y reformas a los activos  -  Equipo de transporte,17,NA, Valor causado por  mejoras y reformas a los activos  -  Equipo de transporte
EAM,C7C7R11,Total Retiros  causados,17,NA,Total Retiros  causados
EAM,C7C7R12,Total Valor en libros de los activos vendidos,17,NA,Total Valor en libros de los activos vendidos
EAM,C7C7R13,Total Depreciación acumulada de los activos vendidos,17,NA,Total Depreciación acumulada de los activos vendidos
EAM,C7C7R19,Total Leasing Financiero,13,NA,Total Leasing Financiero
EAM,C7C7R2,Total Valor compra de activos - nuevos,17,NA,Total Valor compra de activos - nuevos
EAM,C7C7R3,Total Valor compra de activos - Usados,17,NA,Total Valor compra de activos - Usados
EAM,C7C7R4,Total Costos y gastos de Producidos o construidos para uso propio,17,NA,Total Costos y gastos de Producidos o construidos para uso propio
EAM,C7C7R5,Total  Valor causado en el año por la maquinaria en montaje,17,NA,Total  Valor causado en el año por la maquinaria en montaje
EAM,C7C7R6,Total Valor causado en el año por la maquinaria en montaje,17,NA,Total Valor causado en el año por la maquinaria en montaje
EAM,C7C7R7,Total  Valor causado por  mejoras y reformas a los activos,17,NA,Total  Valor causado por  mejoras y reformas a los activos
EAM,C7R10C1,Total Valor en libros del año anterior,17,NA,Total Valor en libros del año anterior
EAM,C7R10C2,Total  inversiones en activos fijos,17,NA,Total  inversiones en activos fijos
EAM,C7R10C4,Total Valorización  causadas en el año,17,NA,Total Valorización  causadas en el año
EAM,C7R10C6,Total Valor en libros del año actual,17,NA,Total Valor en libros del año actual
EAM,C7R10C7,Total Depreciación causada en el año,17,NA,Total Depreciación causada en el año
EAM,C7R16C1,Desvalorizaciones causadas en el año- Terrenos,17,NA,Desvalorizaciones causadas en el año- Terrenos
EAM,C7R16C2,Desvalorizaciones causadas en el año- Edificios y estructuras,17,NA,Desvalorizaciones causadas en el año- Edificios y estructuras
EAM,C7R16C3,Desvalorizaciones causadas en el año- Maquinaria y equipo Industrial,17,NA,Desvalorizaciones causadas en el año- Maquinaria y equipo Industrial
EAM,C7R16C4,Desvalorizaciones causadas en el año-Equipo de informática y comunicación,17,NA,Desvalorizaciones causadas en el año-Equipo de informática y comunicación
EAM,C7R16C5,Desvalorizaciones causadas en el año-Equipos de oficina,17,NA,Desvalorizaciones causadas en el año-Equipos de oficina
EAM,C7R16C6,Desvalorizaciones causadas en el año-Equipo de transporte,17,NA,Desvalorizaciones causadas en el año-Equipo de transporte
EAM,C7R16C7,Total Desvalorizaciones causadas en el año actual,17,NA,Total Desvalorizaciones causadas en el año actual
EAM,C7R17C2,Valor de los activos trasladados en el año a otros establecimientos de la empres,17,NA,Valor de los activos trasladados en el año a otros establecimientos de la empres
EAM,C7R17C3,Valor de los activos trasladados en el año a otros establecimientos de la empres,17,NA,Valor de los activos trasladados en el año a otros establecimientos de la empres
EAM,C7R17C4,Valor de los activos trasladados en el año a otros establecimientos de la empres,17,NA,Valor de los activos trasladados en el año a otros establecimientos de la empres
EAM,C7R17C5,Valor de los activos trasladados en el año a otros establecimientos de la empres,17,NA,Valor de los activos trasladados en el año a otros establecimientos de la empres
EAM,C7R17C6,Valor de los activos trasladados en el año a otros establecimientos de la empres,17,NA,Valor de los activos trasladados en el año a otros establecimientos de la empres
EAM,C7R17C7,Total Valor de los activos trasladados en el año a otros establecimientos de la,17,NA,Total Valor de los activos trasladados en el año a otros establecimientos de la
EAM,C7R18C2,Valor de los activos recibidos en el año por traslado de otros establecimientos,17,NA,Valor de los activos recibidos en el año por traslado de otros establecimientos
EAM,C7R18C3,Valor de los activos recibidos en el año por traslado de otros establecimientos,17,NA,Valor de los activos recibidos en el año por traslado de otros establecimientos
EAM,C7R18C4,Valor de los activos recibidos en el año por traslado de otros establecimientos,17,NA,Valor de los activos recibidos en el año por traslado de otros establecimientos
EAM,C7R18C5,Valor de los activos recibidos en el año por traslado de otros establecimientos,17,NA,Valor de los activos recibidos en el año por traslado de otros establecimientos
EAM,C7R18C6,Valor de los activos recibidos en el año por traslado de otros establecimientos,17,NA,Valor de los activos recibidos en el año por traslado de otros establecimientos
EAM,C7R18C7,Total Valor de los activos recibidos en el año por traslado de otros establecimi,17,NA,Total Valor de los activos recibidos en el año por traslado de otros establecimi
EAM,C7R1C1,Valor en libros del año anterior - Terrenos,17,NA,Valor en libros del año anterior - Terrenos
EAM,C7R1C2,Total inversiones en activos fijos - Terrenos,17,NA,Total inversiones en activos fijos - Terrenos
EAM,C7R1C4,Valorización  causadas en el año - Terrenos,17,NA,Valorización  causadas en el año - Terrenos
EAM,C7R1C6,Valor en libros del año actual - Terrenos,17,NA,Valor en libros del año actual - Terrenos
EAM,C7R5C1,Valor en libros del año anterior - Edificios y estructuras,17,NA,Valor en libros del año anterior - Edificios y estructuras
EAM,C7R5C2,Total inversiones en activos fijos - Edificios y estructuras,17,NA,Total inversiones en activos fijos - Edificios y estructuras
EAM,C7R5C4,Valorización  causadas en el año - Edificios y estructuras,17,NA,Valorización  causadas en el año - Edificios y estructuras
EAM,C7R5C6,Valor en libros del año actual - Edificios y estructuras,17,NA,Valor en libros del año actual - Edificios y estructuras
EAM,C7R5C7,Depreciación causada en el año - Edificios y estructuras,17,NA,Depreciación causada en el año - Edificios y estructuras
EAM,C7R6C1,Valor en libros del año anterior - Maquinaria y equipo Industrial,17,NA,Valor en libros del año anterior - Maquinaria y equipo Industrial
EAM,C7R6C2,Total inversiones en activos fijos - Maquinaria y equipo Industrial,17,NA,Total inversiones en activos fijos - Maquinaria y equipo Industrial
EAM,C7R6C4,Valorización  causadas en el año - Maquinaria y equipo Industrial,17,NA,Valorización  causadas en el año - Maquinaria y equipo Industrial
EAM,C7R6C6,Valor en libros del año actual - Maquinaria y equipo Industrial,17,NA,Valor en libros del año actual - Maquinaria y equipo Industrial
EAM,C7R6C7,Depreciación causada en el año - Maquinaria y equipo Industrial,17,NA,Depreciación causada en el año - Maquinaria y equipo Industrial
EAM,C7R8C1,Valor en libros del año anterior -Equipo de transporte,17,NA,Valor en libros del año anterior -Equipo de transporte
EAM,C7R8C2,Total inversiones en activos fijos -Equipo de transporte,17,NA,Total inversiones en activos fijos -Equipo de transporte
EAM,C7R8C4,Valorización  causadas en el año -Equipo de transporte,17,NA,Valorización  causadas en el año -Equipo de transporte
EAM,C7R8C6,Valor en libros del año actual -Equipo de transporte,17,NA,Valor en libros del año actual -Equipo de transporte
EAM,C7R8C7,Depreciación causada en el año -Equipo de transporte,17,NA,Depreciación causada en el año -Equipo de transporte
EAM,CARBONCAUTO,Autogeneración de Carbón coque,16,NA,Autogeneración de Carbón coque
EAM,CARBONCC,Cantidad de Carbón coque,17,NA,Cantidad de Carbón coque
EAM,CARBONCCO,Cogeneración de Carbón coque,16,NA,Cogeneración de Carbón coque
EAM,CARBONCV,Valor de Carbón coque,17,NA,Valor de Carbón coque
EAM,CARBONMAUTO,Autogeneración de Carbón mineral,16,NA,Autogeneración de Carbón mineral
EAM,CARBONMC,Cantidad de Carbón mineral,17,NA,Cantidad de Carbón mineral
EAM,CARBONMCO,Cogeneración de Carbón mineral,16,NA,Cogeneración de Carbón mineral
EAM,CARBONMV,Valor de Carbón mineral,17,NA,Valor de Carbón mineral
EAM,CARBONVAUTO,Autogeneración de Carbón vegetal,16,NA,Autogeneración de Carbón vegetal
EAM,CARBONVC,Cantidad de Carbón vegetal,17,NA,Cantidad de Carbón vegetal
EAM,CARBONVCO,Cogeneración de Carbón vegetal,16,NA,Cogeneración de Carbón vegetal
EAM,CARBONVV,Valor de Carbón vegetal,17,NA,Valor de Carbón vegetal
EAM,CASCAAUTO,Autogeneración de Cascarilla de arroz,16,NA,Autogeneración de Cascarilla de arroz
EAM,CASCAC,Cantidad de Cascarilla de arroz,17,NA,Cantidad de Cascarilla de arroz
EAM,CASCACO,Cogeneración de Cascarilla de arroz,16,NA,Cogeneración de Cascarilla de arroz
EAM,CASCAFAUTO,Autogeneración de Cascarilla de café,16,NA,Autogeneración de Cascarilla de café
EAM,CASCAFC,Cantidad de Cascarilla de café,17,NA,Cantidad de Cascarilla de café
EAM,CASCAFCO,Cogeneración de Cascarilla de café,16,NA,Cogeneración de Cascarilla de café
EAM,CASCAFV,Valor de Cascarilla de café,17,NA,Valor de Cascarilla de café
EAM,CASCAV,Valor de Cascarilla de arroz,17,NA,Valor de Cascarilla de arroz
EAM,CIIU3,CIIU,4,NA,CIIU
EAM,CIIU4,CIIU,12,NA,CIIU
EAM,CIIU_4,CIIU,1,NA,CIIU
EAM,CONSIN,Otros Gastos,17,NA,Otros Gastos
EAM,CONSIN2,Consumo Intermedio,17,NA,Consumo Intermedio
EAM,CONSMATE,Consumo de Materias,17,NA,Consumo de Materias
EAM,DEPRECIA,Depreciación,17,NA,Depreciación
EAM,DIESAUTO,Autogeneración de Diésel Oíl,16,NA,Autogeneración de Diésel Oíl
EAM,DIESC,Cantidad de Diésel Oíl,17,NA,Cantidad de Diésel Oíl
EAM,DIESCO,Cogeneración de Diésel Oíl,16,NA,Cogeneración de Diésel Oíl
EAM,DIESV,Valor de Diésel Oíl,17,NA,Valor de Diésel Oíl
EAM,DPTO,Departamento,17,NA,Departamento
EAM,EELEC,Energía Eléctrica en kw,17,NA,Energía Eléctrica en kw
EAM,FUELAUTO,Autogeneración de Fuel Oíl,16,NA,Autogeneración de Fuel Oíl
EAM,FUELC,Cantidad de Fuel Oíl,17,NA,Cantidad de Fuel Oíl
EAM,FUELCO,Cogeneración de Fuel Oíl,16,NA,Cogeneración de Fuel Oíl
EAM,FUELV,Valor de Fuel Oíl,17,NA,Valor de Fuel Oíl
EAM,GASNAUTO,Autogeneración de Gas natural,16,NA,Autogeneración de Gas natural
EAM,GASNC,Cantidad de Gas natural,17,NA,Cantidad de Gas natural
EAM,GASNCO,Cogeneración de Gas natural,16,NA,Cogeneración de Gas natural
EAM,GASNV,Valor de Gas natural,17,NA,Valor de Gas natural
EAM,GASOLAUTO,Autogeneración de Gasolina,16,NA,Autogeneración de Gasolina
EAM,GASOLC,Cantidad de Gasolina,17,NA,Cantidad de Gasolina
EAM,GASOLCO,Cogeneración de Gasolina,16,NA,Cogeneración de Gasolina
EAM,GASOLV,Valor de Gasolina,17,NA,Valor de Gasolina
EAM,GASPAUTO,Autogeneración de Gas propano - GLP,16,NA,Autogeneración de Gas propano - GLP
EAM,GASPC,Cantidad de Gas propano - GLP,17,NA,Cantidad de Gas propano - GLP
EAM,GASPCO,Cogeneración de Gas propano - GLP,16,NA,Cogeneración de Gas propano - GLP
EAM,GASPV,Valor de Gas propano - GLP,17,NA,Valor de Gas propano - GLP
EAM,INVEBRTA,Inversión Bruta,17,NA,Inversión Bruta
EAM,KEROSAUTO,Autogeneración de Querosén,16,NA,Autogeneración de Querosén
EAM,KEROSC,Cantidad de Querosén,17,NA,Cantidad de Querosén
EAM,KEROSCO,Cogeneración de Querosén,16,NA,Cogeneración de Querosén
EAM,KEROSV,Valor de Querosén,17,NA,Valor de Querosén
EAM,LENAAUTO,Autogeneración de Leña,16,NA,Autogeneración de Leña
EAM,LENAC,Cantidad de Leña,17,NA,Cantidad de Leña
EAM,LENACO,Cogeneración de Leña,16,NA,Cogeneración de Leña
EAM,LENAV,Valor de Leña,17,NA,Valor de Leña
EAM,NORDEMP,Número de Empresa,17,NA,Número de Empresa
EAM,NORDEST,Número de Establecimiento,17,NA,Número de Establecimiento
EAM,PERAPREN,Prestaciones del personal aprendiz,9,NA,Prestaciones del personal aprendiz
EAM,PERIODO,Año,17,NA,Año
EAM,PERSOCU,Personal Permanente,17,NA,Personal Permanente
EAM,PERSOESC,Personal Permanente + Propietarios,17,NA,Personal Permanente + Propietarios
EAM,PERTEM3,Personal Temporal Directo,17,NA,Personal Temporal Directo
EAM,PERTOTAL,Personal Permanente + Propietarios + Personal Temporal Directo + Temporal Empres,17,NA,Personal Permanente + Propietarios + Personal Temporal Directo + Temporal Empres
EAM,PETROAUTO,Autogeneración de Petróleo crudo,16,NA,Autogeneración de Petróleo crudo
EAM,PETROC,Cantidad de Petróleo crudo,17,NA,Cantidad de Petróleo crudo
EAM,PETROCO,Cogeneración de Petróleo crudo,16,NA,Cogeneración de Petróleo crudo
EAM,PETROV,Valor de Petróleo crudo,17,NA,Valor de Petróleo crudo
EAM,PORCON,Porcentaje consumo origen extranjero,7,NA,Porcentaje consumo origen extranjero
EAM,PORCVT,Porcentaje vendido al exterior,16,NA,Porcentaje vendido al exterior
EAM,PPERYTEM,Personal Permanente + Temporal Directo,17,NA,Personal Permanente + Temporal Directo
EAM,PRESPYTE,Prestaciones de Permanente y Temporal Directo,17,NA,Prestaciones de Permanente y Temporal Directo
EAM,PRESSPER,Prestaciones de Permanente,17,NA,Prestaciones de Permanente
EAM,PRODBIND,Producción Industrial,17,NA,Producción Industrial
EAM,PRODBR2,Producción Bruta,17,NA,Producción Bruta
EAM,R1CSAP,Valor del apoyo de sostenimiento causado por los aprendices y pasantes  (Ley 789,17,NA,Valor del apoyo de sostenimiento causado por los aprendices y pasantes  (Ley 789
EAM,R2CSAP,Valor del apoyo de sostenimiento causado por los aprendices y pasantes  (Ley 789,17,NA,Valor del apoyo de sostenimiento causado por los aprendices y pasantes  (Ley 789
EAM,R3CSAP,Valor del apoyo de sostenimiento causado por los aprendices y pasantes  (Ley 789,17,NA,Valor del apoyo de sostenimiento causado por los aprendices y pasantes  (Ley 789
EAM,R4CSAP,Total  Valor del apoyo de sostenimiento causado por los aprendices y pasantes  (,17,NA,Total  Valor del apoyo de sostenimiento causado por los aprendices y pasantes  (
EAM,REMUTEMP,Remuneración empelados temporales,16,NA,Remuneración empelados temporales
EAM,RESPALAUTO,Autogeneración de Residuos de palma,16,NA,Autogeneración de Residuos de palma
EAM,RESPALC,Cantidad de Residuos de palma,17,NA,Cantidad de Residuos de palma
EAM,RESPALCO,Cogeneración de Residuos de palma,16,NA,Cogeneración de Residuos de palma
EAM,RESPALV,Valor de Residuos de palma,17,NA,Valor de Residuos de palma
EAM,SALAPREN,Salarios del personal aprendiz,9,NA,Salarios del personal aprendiz
EAM,SALARPER,Salario de Permanentes,17,NA,Salario de Permanentes
EAM,SALPEYTE,Salario Personal Permanente y Temporal,17,NA,Salario Personal Permanente y Temporal
EAM,TOTALV,Valor total Energéticos,17,NA,Valor total Energéticos
EAM,VALAGRI,Valor Agregado,17,NA,Valor Agregado
EAM,VALORCOM,Valor de la materia prima comprada,17,NA,Valor de la materia prima comprada
EAM,VALORCX,Valor compras de materia prima en el exterior,17,NA,Valor compras de materia prima en el exterior
EAM,VALORVEN,Valor de las ventas,17,NA,Valor de las ventas
EAM,VALQCONS,Valor de la materia prima consumida,8,NA,Valor de la materia prima consumida
EAM,VALVFAB,Valor de la producción,6,NA,Valor de la producción
